Total, Acertos, Erros, 1E1, 1E0, 0E1, 0E0
36.0, 32.0, 4.0, 2.0, 4.0, 0.0, 30.0
Porcentagem, 88.8888888889, 11.1111111111, 5.55555555556, 11.1111111111, 0.0, 83.3333333333