Total, Acertos, Erros, 1E1, 1E0, 0E1, 0E0
41.0, 19.0, 22.0, 14.0, 11.0, 11.0, 5.0
Porcentagem, 46.3414634146, 53.6585365854, 34.1463414634, 26.8292682927, 26.8292682927, 12.1951219512