Total, Acertos, Erros, 1E1, 1E0, 0E1, 0E0
36.0, 22.0, 14.0, 9.0, 9.0, 5.0, 13.0
Porcentagem, 61.1111111111, 38.8888888889, 25.0, 25.0, 13.8888888889, 36.1111111111