Total, Acertos, Erros, 1E1, 1E0, 0E1, 0E0
36.0, 31.0, 5.0, 0.0, 4.0, 1.0, 31.0
Porcentagem, 86.1111111111, 13.8888888889, 0.0, 11.1111111111, 2.77777777778, 86.1111111111