Total, Acertos, Erros, 1E1, 1E0, 0E1, 0E0
41.0, 19.0, 22.0, 8.0, 5.0, 17.0, 11.0
Porcentagem, 46.3414634146, 53.6585365854, 19.512195122, 12.1951219512, 41.4634146341, 26.8292682927