Total, Acertos, Erros, 1E1, 1E0, 0E1, 0E0
36.0, 20.0, 16.0, 0.0, 13.0, 3.0, 20.0
Porcentagem, 55.5555555556, 44.4444444444, 0.0, 36.1111111111, 8.33333333333, 55.5555555556